{
  "test_config": {
    "num_processes": 5,
    "images_per_process": 5,
    "total_images": 25,
    "image_width": 1280,
    "image_height": 720,
    "image_format": "JPEG",
    "image_quality": 85
  },
  "overall": {
    "total_images": 25,
    "successful": 25,
    "failed": 0,
    "success_rate": 100.0,
    "failure_rate": 0.0,
    "total_time": 80.35858201980591,
    "throughput": 0.31110553934162594
  },
  "latency": {
    "average": 4.784889860153198,
    "median": 3.394486665725708,
    "p95": 8.96994924545288,
    "p99": 9.017218112945557,
    "min": 1.2432265281677246,
    "max": 9.017218112945557,
    "all_latencies": [
      1.2432265281677246,
      1.3633618354797363,
      1.3634326457977295,
      1.3663697242736816,
      1.4520909786224365,
      1.4550206661224365,
      1.7218434810638428,
      2.130307197570801,
      2.4428482055664062,
      3.067600727081299,
      3.106433153152466,
      3.2048864364624023,
      3.394486665725708,
      6.626548528671265,
      6.819106101989746,
      6.900479793548584,
      6.950271129608154,
      7.130600214004517,
      7.465625524520874,
      7.819226026535034,
      7.95331883430481,
      8.317950010299683,
      8.340044736862183,
      8.96994924545288,
      9.017218112945557
    ]
  },
  "per_server": {
    "10.40.59.43:8001": {
      "success": 12,
      "failure": 0,
      "total_requests": 12,
      "success_rate": 100.0,
      "avg_latency": 4.642689883708954
    },
    "10.40.44.230:8002": {
      "success": 13,
      "failure": 0,
      "total_requests": 13,
      "success_rate": 100.0,
      "avg_latency": 4.916151376870962
    }
  },
  "all_results": [
    {
      "success": true,
      "latency": 2.4428482055664062,
      "server": "10.40.44.230:8002",
      "request_id": "P01_I001_1762019136",
      "decryption_success": false,
      "decryption_error": "Timeout",
      "decryption_latency": 5.915386199951172,
      "process_id": 1,
      "image_id": 1,
      "image_size": 15096,
      "total_time": 8.480247020721436,
      "encrypted_size": 564292
    },
    {
      "success": true,
      "latency": 6.819106101989746,
      "server": "10.40.44.230:8002",
      "request_id": "P01_I002_1762019145",
      "decryption_success": false,
      "decryption_error": "Timeout",
      "decryption_latency": 5.871774911880493,
      "process_id": 1,
      "image_id": 2,
      "image_size": 15651,
      "total_time": 12.813026189804077,
      "encrypted_size": 691598
    },
    {
      "success": true,
      "latency": 2.130307197570801,
      "server": "10.40.44.230:8002",
      "request_id": "P01_I003_1762019157",
      "decryption_success": false,
      "decryption_error": "Timeout",
      "decryption_latency": 6.723855972290039,
      "process_id": 1,
      "image_id": 3,
      "image_size": 18519,
      "total_time": 9.019933938980103,
      "encrypted_size": 829168
    },
    {
      "success": true,
      "latency": 1.4520909786224365,
      "server": "10.40.59.43:8001",
      "request_id": "P01_I004_1762019166",
      "decryption_success": false,
      "decryption_error": "Timeout",
      "decryption_latency": 8.224611043930054,
      "process_id": 1,
      "image_id": 4,
      "image_size": 15283,
      "total_time": 9.782033920288086,
      "encrypted_size": 496248
    },
    {
      "success": true,
      "latency": 8.317950010299683,
      "server": "10.40.59.43:8001",
      "request_id": "P01_I005_1762019176",
      "decryption_success": false,
      "decryption_error": "Timeout",
      "decryption_latency": 5.697085618972778,
      "process_id": 1,
      "image_id": 5,
      "image_size": 14428,
      "total_time": 14.121710062026978,
      "encrypted_size": 614017
    },
    {
      "success": true,
      "latency": 6.900479793548584,
      "server": "10.40.44.230:8002",
      "request_id": "P02_I001_1762019148",
      "decryption_success": false,
      "decryption_error": "Timeout",
      "decryption_latency": 5.808175325393677,
      "process_id": 2,
      "image_id": 1,
      "image_size": 16529,
      "total_time": 24.870696306228638,
      "encrypted_size": 657502
    },
    {
      "success": true,
      "latency": 9.017218112945557,
      "server": "10.40.44.230:8002",
      "request_id": "P02_I002_1762019167",
      "decryption_success": false,
      "decryption_error": "Timeout",
      "decryption_latency": 5.582278251647949,
      "process_id": 2,
      "image_id": 2,
      "image_size": 19593,
      "total_time": 20.792158126831055,
      "encrypted_size": 901073
    },
    {
      "success": true,
      "latency": 1.4550206661224365,
      "server": "10.40.59.43:8001",
      "request_id": "P02_I003_1762019182",
      "decryption_success": false,
      "decryption_error": "Timeout",
      "decryption_latency": 5.188779592514038,
      "process_id": 2,
      "image_id": 3,
      "image_size": 15500,
      "total_time": 6.75648045539856,
      "encrypted_size": 508828
    },
    {
      "success": true,
      "latency": 3.106433153152466,
      "server": "10.40.44.230:8002",
      "request_id": "P02_I004_1762019189",
      "decryption_success": false,
      "decryption_error": "Timeout",
      "decryption_latency": 5.339364051818848,
      "process_id": 2,
      "image_id": 4,
      "image_size": 15579,
      "total_time": 8.589632034301758,
      "encrypted_size": 813896
    },
    {
      "success": true,
      "latency": 7.130600214004517,
      "server": "10.40.44.230:8002",
      "request_id": "P02_I005_1762019203",
      "decryption_success": false,
      "decryption_error": "Timeout",
      "decryption_latency": 5.865445137023926,
      "process_id": 2,
      "image_id": 5,
      "image_size": 12053,
      "total_time": 19.083600521087646,
      "encrypted_size": 399694
    },
    {
      "success": true,
      "latency": 3.394486665725708,
      "server": "10.40.59.43:8001",
      "request_id": "P03_I001_1762019142",
      "decryption_success": false,
      "decryption_error": "Timeout",
      "decryption_latency": 7.048824071884155,
      "process_id": 3,
      "image_id": 1,
      "image_size": 20865,
      "total_time": 16.627294540405273,
      "encrypted_size": 863173
    },
    {
      "success": true,
      "latency": 1.3663697242736816,
      "server": "10.40.44.230:8002",
      "request_id": "P03_I002_1762019153",
      "decryption_success": false,
      "decryption_error": "Timeout",
      "decryption_latency": 5.814237833023071,
      "process_id": 3,
      "image_id": 2,
      "image_size": 12773,
      "total_time": 7.283760070800781,
      "encrypted_size": 448011
    },
    {
      "success": true,
      "latency": 3.067600727081299,
      "server": "10.40.59.43:8001",
      "request_id": "P03_I003_1762019160",
      "decryption_success": false,
      "decryption_error": "Timeout",
      "decryption_latency": 6.24629807472229,
      "process_id": 3,
      "image_id": 3,
      "image_size": 18509,
      "total_time": 9.44851279258728,
      "encrypted_size": 667722
    },
    {
      "success": true,
      "latency": 7.819226026535034,
      "server": "10.40.44.230:8002",
      "request_id": "P03_I004_1762019169",
      "decryption_success": false,
      "decryption_error": "Timeout",
      "decryption_latency": 5.387887716293335,
      "process_id": 3,
      "image_id": 4,
      "image_size": 18225,
      "total_time": 13.391656637191772,
      "encrypted_size": 836158
    },
    {
      "success": true,
      "latency": 7.465625524520874,
      "server": "10.40.44.230:8002",
      "request_id": "P03_I005_1762019183",
      "decryption_success": false,
      "decryption_error": "Timeout",
      "decryption_latency": 5.443461894989014,
      "process_id": 3,
      "image_id": 5,
      "image_size": 15411,
      "total_time": 13.006658554077148,
      "encrypted_size": 508863
    },
    {
      "success": true,
      "latency": 6.950271129608154,
      "server": "10.40.59.43:8001",
      "request_id": "P04_I001_1762019142",